filename,width,height,class,xmin,ymin,xmax,ymax
4838031651_3e7b5ea5c7_b_jpg.rf.03810727e648f12770ab803dd764db45.jpg,640,640,balloon,174,89,253,249
blake-cheek-WP51CpHSxYU-unsplash-Kopi-2-Kopi-Kopi_jpg.rf.7f6493be510670530b7fad12832a05f8.jpg,640,640,balloon,214,182,405,328
3646097131_e3e1215843_b-Kopi-2-Kopi-Kopi_jpg.rf.7d7be0960ddc38446966e14c2e44c36f.jpg,640,640,balloon,315,10,545,421
cody-giles-SpnW92UpEXY-unsplash_jpg.rf.fa1886155e01b4dbce9010da604d47fc.jpg,640,640,balloon,261,278,347,417
avinash-kumar-b4gv9g8_zrA-unsplash_jpg.rf.2db2ee34252821e5435552a9e4d7dfc8.jpg,640,640,balloon,165,192,452,488
kiran-ck-7FFfxSDeCno-unsplash-Kopi-2-Kopi-Kopi_jpg.rf.0208318c7aa9ddac456a593cec56f619.jpg,640,640,balloon,229,208,434,380
devon-divine-YBWKOFP1E98-unsplash_jpg.rf.be23e2f8c725b5f08532e078c783f4af.jpg,640,640,balloon,257,282,376,367
amy-shamblen-pJ_DCj9KswI-unsplash-Kopi-2-Kopi-Kopi_jpg.rf.9d09dcfaf6550edc69c8a2cd18f30145.jpg,640,640,balloon,30,92,199,313
amy-shamblen-pJ_DCj9KswI-unsplash-Kopi-2-Kopi-Kopi_jpg.rf.9d09dcfaf6550edc69c8a2cd18f30145.jpg,640,640,balloon,221,205,388,424
amy-shamblen-pJ_DCj9KswI-unsplash-Kopi-2-Kopi-Kopi_jpg.rf.9d09dcfaf6550edc69c8a2cd18f30145.jpg,640,640,balloon,417,302,587,521
3646097131_e3e1215843_b-Kopi-2-Kopi-Kopi_jpg.rf.fcf33327b3c427a1dd644e616fac00ba.jpg,640,640,balloon,315,10,545,421
avinash-kumar-b4gv9g8_zrA-unsplash_jpg.rf.46a2119a401694f204bbd4d7d177922f.jpg,640,640,balloon,165,192,452,488
699765866_abaad7274d_b_jpg.rf.e679b046e8b3dac57a5949cb81ffd8f2.jpg,640,640,balloon,308,284,338,343
5555705118_3390d70abe_b-Kopi-2-Kopi-Kopi_jpg.rf.cbcfc3bb68ca3b3b5563709adc7223f0.jpg,640,640,balloon,231,19,504,239
3800636873_ace2c2795f_b-Kopi-2-Kopi-Kopi_jpg.rf.2f8e999a1db0a77a3e70697396e793b6.jpg,640,640,balloon,313,52,463,152
518678836_94d58e3839_b-Kopi-2-Kopi-Kopi_jpg.rf.23b35abac86b8aacb74b906a5d6c1470.jpg,640,640,balloon,384,351,428,410
25899693952_7c8b8b9edc_k-Kopi-2-Kopi-Kopi_jpg.rf.c9e4ac7c4274d999490d5a8127111529.jpg,640,640,balloon,44,54,253,450
24362039530_b151b41a52_k_jpg.rf.8c0a09c414bbbcba8d0fa33f122c8a69.jpg,640,640,balloon,243,153,383,286
huseyin-akuzum-G2aD-2ePQXc-unsplash_jpg.rf.144a87a705e5b618f083d32a23c9575e.jpg,640,640,balloon,251,102,390,220
518678836_94d58e3839_b_jpg.rf.c5b8522708c4612e782ea1a22138e5ff.jpg,640,640,balloon,384,351,428,410
amy-shamblen-pJ_DCj9KswI-unsplash_jpg.rf.2aaa2b40e88c93055c6bfa8dd715772b.jpg,640,640,balloon,30,92,199,313
amy-shamblen-pJ_DCj9KswI-unsplash_jpg.rf.2aaa2b40e88c93055c6bfa8dd715772b.jpg,640,640,balloon,221,205,388,424
amy-shamblen-pJ_DCj9KswI-unsplash_jpg.rf.2aaa2b40e88c93055c6bfa8dd715772b.jpg,640,640,balloon,417,302,587,521
avinash-kumar-b4gv9g8_zrA-unsplash-Kopi-2-Kopi-Kopi_jpg.rf.9ce7dec32daae480b4180f98466df942.jpg,640,640,balloon,165,152,452,448
4057490235_2ffdf7d68b_b-Kopi-2-Kopi-Kopi_jpg.rf.b5824cab8991e0dfc8716f0491f3d43f.jpg,640,640,balloon,262,257,371,342
34020010494_e5cb88e1c4_k_jpg.rf.22f611bbc05c9e44b13c4054f54d62ab.jpg,640,640,balloon,155,311,382,451
4057490235_2ffdf7d68b_b_jpg.rf.eb63a26cc635c6a6d013017d17e8528f.jpg,640,640,balloon,298,269,383,378
huseyin-akuzum-G2aD-2ePQXc-unsplash-Kopi-2-Kopi-Kopi_jpg.rf.7184a83fa8caab4626211c88d995c516.jpg,640,640,balloon,251,420,390,538
callum-hill-P2RAxRm-Cvs-unsplash-Kopi-2-Kopi-Kopi_jpg.rf.3921efea5c0874ebe20e35bc8e666c41.jpg,640,640,balloon,226,173,430,349
699765866_abaad7274d_b_jpg.rf.a2d8afd335cc2e9c2786fdac3b51d2aa.jpg,640,640,balloon,308,284,338,343
4552737035_3a0a4105fb_b_jpg.rf.3ff571f1074200c41f5b2a88d47f9a75.jpg,640,640,balloon,329,188,417,230
4864857993_edb62f16ef_b_jpg.rf.607b55b4cc6da81bdbdfa63189306399.jpg,640,640,balloon,88,223,628,502
1297451346_5b92bdac08_b-Kopi-2-Kopi-Kopi_jpg.rf.04f01a092cfbe2017297f8ae3a183ea2.jpg,640,640,balloon,394,224,559,395
321888854_3723b6f10b_b_jpg.rf.c5f7782a99d49ddf50a5c1090e3835ad.jpg,640,640,balloon,224,288,468,475
cody-giles-SpnW92UpEXY-unsplash-Kopi-2-Kopi-Kopi_jpg.rf.75b9d7823a5755e8b0c60d09e8b93a0b.jpg,640,640,balloon,279,293,417,379
3342804367_f43682bb80_b-Kopi-2-Kopi-Kopi_jpg.rf.b8c30d733dce0a7f0e594a61b829ba70.jpg,640,640,balloon,587,382,639,444
avinash-kumar-lNmZRt7CMfo-unsplash_jpg.rf.ffcd3ba4af54b5c72af2968f057f8073.jpg,640,640,balloon,90,131,514,531
4864857993_edb62f16ef_b_jpg.rf.67f4d42e0f18898e18d610c2abe16578.jpg,640,640,balloon,223,13,502,553
34020010494_e5cb88e1c4_k-Kopi-2-Kopi-Kopi_jpg.rf.44cc1c881145a9716b929677c3a62d76.jpg,640,640,balloon,155,311,382,451
callum-hill-P2RAxRm-Cvs-unsplash-Kopi-2-Kopi-Kopi_jpg.rf.271d50eca0e7d54313e54b2859aec0df.jpg,640,640,balloon,173,211,349,415
florian-klauer-nptLmg6jqDo-unsplash_jpg.rf.a8d4a1c6ab6bd35fe2f1677a3d4e69d6.jpg,640,640,balloon,268,397,508,579
devon-divine-YBWKOFP1E98-unsplash-Kopi-2-Kopi-Kopi_jpg.rf.3f363d7e7819eb7e4e1ecd571028c44f.jpg,640,640,balloon,265,282,383,368
brands-people-F0a4OeyoQX0-unsplash_jpg.rf.ffab2a08e8239b9bd5c25fc2404a1cab.jpg,640,640,balloon,242,258,392,534
332344155_71be3a3b22_b-Kopi-2-Kopi-Kopi_jpg.rf.16c3e603dcd6f2b4921bf2f396c0fa11.jpg,640,640,balloon,47,110,265,268
callum-hill-P2RAxRm-Cvs-unsplash_jpg.rf.97f0067e2db972dbadc22b33837f9458.jpg,640,640,balloon,211,173,415,349
4838031651_3e7b5ea5c7_b-Kopi-2-Kopi-Kopi_jpg.rf.0d2f128e54620d233b3e833cc15805a6.jpg,640,640,balloon,391,387,551,467
24631331976_defa3bb61f_k-Kopi-2-Kopi-Kopi_jpg.rf.695b810374cbb1fa9a6ff9c6df1d8c36.jpg,640,640,balloon,396,280,538,443
332344155_71be3a3b22_b-Kopi-2-Kopi-Kopi_jpg.rf.d92bf7e2860c674b61b5d868b006dab9.jpg,640,640,balloon,372,47,530,265
9210739293_2b0e0d991e_k-Kopi-2-Kopi-Kopi_jpg.rf.21518f49afbfe0e5db96b64a025339ec.jpg,640,640,balloon,76,393,179,474
1297451346_5b92bdac08_b-Kopi-2-Kopi-Kopi_jpg.rf.3c4fff3dbd38cdcb68424514cdee5fa3.jpg,640,640,balloon,82,224,247,395
17156759330_5af4f5a5b8_k_jpg.rf.edb92f5ac5969f03ac97812330ded0ba.jpg,640,640,balloon,189,348,597,616
699765866_abaad7274d_b-Kopi-2-Kopi-Kopi_jpg.rf.8ba4da4be04a8dae3fd4727bb6e492c0.jpg,640,640,balloon,302,284,332,343
518678836_94d58e3839_b_jpg.rf.3c38e56472ae22919ea373c3697283bb.jpg,640,640,balloon,212,231,256,290
avinash-kumar-lNmZRt7CMfo-unsplash_jpg.rf.1667e68684cda0abf4508762f0b05a77.jpg,640,640,balloon,109,127,509,551
devon-divine-YBWKOFP1E98-unsplash-Kopi-2-Kopi-Kopi_jpg.rf.c6b5877e823e1e3b6f40092f58f5a658.jpg,640,640,balloon,282,265,368,383
17156759330_5af4f5a5b8_k-Kopi-2-Kopi-Kopi_jpg.rf.07392b2bb6d6a90ecce829faa902b4c5.jpg,640,640,balloon,44,24,452,292
126700562_8e27720147_b-Kopi-2-Kopi-Kopi_jpg.rf.681c429324746fae72e024f72793df56.jpg,640,640,balloon,33,39,529,357
florian-klauer-nptLmg6jqDo-unsplash-Kopi-2-Kopi-Kopi_jpg.rf.8d6eebb631757c6cbeed2504342881fc.jpg,640,640,balloon,397,132,579,372
4838031651_3e7b5ea5c7_b_jpg.rf.7bb19cae62c0b319d9c5533dd829c2ef.jpg,640,640,balloon,391,174,551,254
blake-cheek-WP51CpHSxYU-unsplash-Kopi-2-Kopi-Kopi_jpg.rf.908c9a282041ad0a70ef3837fa3e65e4.jpg,640,640,balloon,182,215,328,405
53500107_d24b11b3c2_b_jpg.rf.f1bf743f91a9bbf59481fdde151478c4.jpg,640,640,balloon,390,244,452,325
2917282960_06beee649a_b_jpg.rf.7a35e2083faf8c6b07f6f25b71b63719.jpg,640,640,balloon,233,297,353,371
3945575930_ce99a7e98d_b_jpg.rf.33c77edefa056dfa11480ac27db8848a.jpg,640,640,balloon,127,167,450,490
7308740338_591f27b631_k_jpg.rf.84a8429d5bc5b77ea5e84af7bbb29566.jpg,640,640,balloon,184,317,300,444
jacob-chen-c0A7WKoSNE8-unsplash-Kopi-2-Kopi-Kopi_jpg.rf.52cc45a8d4702af2e1574c77c1e6a0ee.jpg,640,640,balloon,453,14,517,92
jacob-chen-c0A7WKoSNE8-unsplash-Kopi-2-Kopi-Kopi_jpg.rf.52cc45a8d4702af2e1574c77c1e6a0ee.jpg,640,640,balloon,492,111,545,174
jacob-chen-c0A7WKoSNE8-unsplash-Kopi-2-Kopi-Kopi_jpg.rf.52cc45a8d4702af2e1574c77c1e6a0ee.jpg,640,640,balloon,209,278,305,389
jacob-chen-c0A7WKoSNE8-unsplash-Kopi-2-Kopi-Kopi_jpg.rf.52cc45a8d4702af2e1574c77c1e6a0ee.jpg,640,640,balloon,316,522,382,600
jacob-chen-c0A7WKoSNE8-unsplash-Kopi-2-Kopi-Kopi_jpg.rf.827bdb748c84134d55bd75374a9d8048.jpg,640,640,balloon,123,14,187,92
jacob-chen-c0A7WKoSNE8-unsplash-Kopi-2-Kopi-Kopi_jpg.rf.827bdb748c84134d55bd75374a9d8048.jpg,640,640,balloon,96,111,149,174
jacob-chen-c0A7WKoSNE8-unsplash-Kopi-2-Kopi-Kopi_jpg.rf.827bdb748c84134d55bd75374a9d8048.jpg,640,640,balloon,335,278,431,389
jacob-chen-c0A7WKoSNE8-unsplash-Kopi-2-Kopi-Kopi_jpg.rf.827bdb748c84134d55bd75374a9d8048.jpg,640,640,balloon,258,522,324,600
cody-giles-SpnW92UpEXY-unsplash-Kopi-2-Kopi-Kopi_jpg.rf.75d671cd0e6024bed4abf4aa25c20141.jpg,640,640,balloon,261,224,347,362
34020010494_e5cb88e1c4_k_jpg.rf.7650d14abba38e34df6b96a6b0e863b5.jpg,640,640,balloon,258,311,485,451
huseyin-akuzum-G2aD-2ePQXc-unsplash_jpg.rf.f9fbce8d9e81895b0bb388f7eda562c7.jpg,640,640,balloon,251,102,390,220
3800636873_ace2c2795f_b-Kopi-2-Kopi-Kopi_jpg.rf.819edf0a6ff31e38663bdbb435012eed.jpg,640,640,balloon,488,313,588,463
brands-people-F0a4OeyoQX0-unsplash-Kopi-2-Kopi-Kopi_jpg.rf.c05c352b43d9125ab70ee66942699d56.jpg,640,640,balloon,249,107,399,383
4552737035_3a0a4105fb_b-Kopi-2-Kopi-Kopi_jpg.rf.b3c827448358edacd07860923a44a152.jpg,640,640,balloon,411,223,453,311
2937599387_80e7d6e050_b-Kopi-2-Kopi-Kopi_jpg.rf.2cd4418523250bb9d907af3ad6cf2581.jpg,640,640,balloon,325,248,350,294
kiran-ck-7FFfxSDeCno-unsplash-Kopi-2-Kopi-Kopi_jpg.rf.e87a9259c06cdafbc8150141da604329.jpg,640,640,balloon,229,260,434,432
605521662_a470fef77f_b-Kopi-2-Kopi-Kopi_jpg.rf.5e5e82d2b209cb9e1abad0e7d86e449a.jpg,640,640,balloon,282,229,406,329
3646097131_e3e1215843_b_jpg.rf.1f3b27ecee7d103f3980b257310d5939.jpg,640,640,balloon,95,11,325,421
florian-klauer-nptLmg6jqDo-unsplash_jpg.rf.53291d1e4655fcfdffdec96cea4f7989.jpg,640,640,balloon,62,268,244,508
24362039530_b151b41a52_k_jpg.rf.91a1c19bfd706f701f82d66a3973f828.jpg,640,640,balloon,153,258,286,398
5674044810_2d9e2243ff_b_jpg.rf.4d88dff9db086825149f05bfc17553dd.jpg,640,640,balloon,275,563,351,623
5674044810_2d9e2243ff_b_jpg.rf.4d88dff9db086825149f05bfc17553dd.jpg,640,640,balloon,182,563,257,623
jacob-chen-c0A7WKoSNE8-unsplash_jpg.rf.2cc56a93363895f36075f81cdb65edbc.jpg,640,640,balloon,548,453,626,517
jacob-chen-c0A7WKoSNE8-unsplash_jpg.rf.2cc56a93363895f36075f81cdb65edbc.jpg,640,640,balloon,467,492,530,545
jacob-chen-c0A7WKoSNE8-unsplash_jpg.rf.2cc56a93363895f36075f81cdb65edbc.jpg,640,640,balloon,251,209,362,305
jacob-chen-c0A7WKoSNE8-unsplash_jpg.rf.2cc56a93363895f36075f81cdb65edbc.jpg,640,640,balloon,41,316,119,382
elnaz-asadi-RczTV4UAkw0-unsplash_jpg.rf.2ba05d998a842e121f2590105187c154.jpg,640,640,balloon,206,94,456,330
154446334_5d41cd1375_b_jpg.rf.92f253cb0027fca9d042a1d22cb8ef6c.jpg,640,640,balloon,118,233,188,268
154446334_5d41cd1375_b_jpg.rf.92f253cb0027fca9d042a1d22cb8ef6c.jpg,640,640,balloon,70,363,125,402
154446334_5d41cd1375_b_jpg.rf.92f253cb0027fca9d042a1d22cb8ef6c.jpg,640,640,balloon,112,287,194,343
4057490235_2ffdf7d68b_b_jpg.rf.9b55cc336f12789574a2f59c4fa20929.jpg,640,640,balloon,262,298,371,383
25899693952_7c8b8b9edc_k_jpg.rf.c3a23de8bfb9349bebe1bb55f09e4b05.jpg,640,640,balloon,190,44,586,253
485227412_e335662bb5_b_jpg.rf.77b34483b8421de08f6b03f0afa3c9fb.jpg,640,640,balloon,471,220,590,332
4552737035_3a0a4105fb_b_jpg.rf.276ae0b53d40dddab80f92ed5d4d900c.jpg,640,640,balloon,188,223,230,311
3342804367_f43682bb80_b-Kopi-2-Kopi-Kopi_jpg.rf.127555ad2225f868a502cdd6639bd445.jpg,640,640,balloon,1,196,54,258
17156759330_5af4f5a5b8_k_jpg.rf.d5d11e119d0d28e2d96142dd2e1dcb52.jpg,640,640,balloon,44,24,452,292
florian-klauer-nptLmg6jqDo-unsplash-Kopi-2-Kopi-Kopi_jpg.rf.94d827b740ab0b033f846296a2bdb9e7.jpg,640,640,balloon,132,397,372,579
avinash-kumar-b4gv9g8_zrA-unsplash-Kopi-2-Kopi-Kopi_jpg.rf.152cada68ed351dfabd06db4b117395d.jpg,640,640,balloon,189,192,476,488
callum-hill-P2RAxRm-Cvs-unsplash-Kopi-2-Kopi-Kopi_jpg.rf.49164133902eef30b5dfb97f67326e3f.jpg,640,640,balloon,226,292,430,468
cody-giles-SpnW92UpEXY-unsplash-Kopi-2-Kopi-Kopi_jpg.rf.f534ffb74405aeea9f1c69703e9d314b.jpg,640,640,balloon,224,293,362,379
9210739293_2b0e0d991e_k-Kopi-2-Kopi-Kopi_jpg.rf.e24f6fe13afb998745f420a7cf673532.jpg,640,640,balloon,462,393,565,474
devon-divine-YBWKOFP1E98-unsplash-Kopi-2-Kopi-Kopi_jpg.rf.8d9e6797b8466fd3dcb18bc62da38c14.jpg,640,640,balloon,258,282,376,368
huseyin-akuzum-G2aD-2ePQXc-unsplash-Kopi-2-Kopi-Kopi_jpg.rf.1507d60534db95c02a24c49888dc4153.jpg,640,640,balloon,251,102,390,220
avinash-kumar-_PSSeW6t2SQ-unsplash-Kopi-2-Kopi-Kopi_jpg.rf.c2fa4d765c4c26ee83ab1b9aca298db3.jpg,640,640,balloon,204,190,462,458
florian-klauer-nptLmg6jqDo-unsplash-Kopi-2-Kopi-Kopi_jpg.rf.8d322151e3e45ee1df445b480dae416e.jpg,640,640,balloon,397,132,579,372
huseyin-akuzum-G2aD-2ePQXc-unsplash-Kopi-2-Kopi-Kopi_jpg.rf.20ec633d03bf09cdeff6b4fddfcae2c1.jpg,640,640,balloon,102,251,220,390
huseyin-akuzum-G2aD-2ePQXc-unsplash-Kopi-2-Kopi-Kopi_jpg.rf.1af579c66b865ac74399ca2e796b2a9f.jpg,640,640,balloon,251,420,390,538
florian-klauer-nptLmg6jqDo-unsplash-Kopi-2-Kopi-Kopi_jpg.rf.b057b69c819a4febbb0ee95588c645cf.jpg,640,640,balloon,397,268,579,508
florian-klauer-nptLmg6jqDo-unsplash-Kopi-2-Kopi-Kopi_jpg.rf.a29dd8dd06304a7a691bd95b4f02c91f.jpg,640,640,balloon,62,268,244,508
huseyin-akuzum-G2aD-2ePQXc-unsplash-Kopi-2-Kopi-Kopi_jpg.rf.f53d56e09e08cdc51a169075df2244f6.jpg,640,640,balloon,420,251,538,390
elnaz-asadi-RczTV4UAkw0-unsplash-Kopi-2-Kopi-Kopi_jpg.rf.ba8a2377e376f64bc6f1ec232bdc2415.jpg,640,640,balloon,185,94,435,330
devon-divine-YBWKOFP1E98-unsplash_jpg.rf.9524c19e1aeaa905a285cdc0aafd6673.jpg,640,640,balloon,282,265,368,383
jacob-chen-c0A7WKoSNE8-unsplash-Kopi-2-Kopi-Kopi_jpg.rf.3ad507f208389b2bcf7764c3a9f7328d.jpg,640,640,balloon,453,548,517,626
jacob-chen-c0A7WKoSNE8-unsplash-Kopi-2-Kopi-Kopi_jpg.rf.3ad507f208389b2bcf7764c3a9f7328d.jpg,640,640,balloon,492,467,545,530
jacob-chen-c0A7WKoSNE8-unsplash-Kopi-2-Kopi-Kopi_jpg.rf.3ad507f208389b2bcf7764c3a9f7328d.jpg,640,640,balloon,209,251,305,362
jacob-chen-c0A7WKoSNE8-unsplash-Kopi-2-Kopi-Kopi_jpg.rf.3ad507f208389b2bcf7764c3a9f7328d.jpg,640,640,balloon,316,41,382,119
avinash-kumar-_PSSeW6t2SQ-unsplash_jpg.rf.8c2df33f4965f4160144e414397e9060.jpg,640,640,balloon,182,204,450,462
avinash-kumar-lNmZRt7CMfo-unsplash_jpg.rf.6e18d4e51517af53682e1c3fe80765b3.jpg,640,640,balloon,131,127,531,551
5555705118_3390d70abe_b-Kopi-2-Kopi-Kopi_jpg.rf.ffff45c26e6a1c422b75446545366d7a.jpg,640,640,balloon,401,231,621,505
florian-klauer-nptLmg6jqDo-unsplash_jpg.rf.f71d7db1896d708cc8f453b67a8ff1ec.jpg,640,640,balloon,132,62,372,244
34020010494_e5cb88e1c4_k_jpg.rf.11e24f10459c9ccc83caf8804717ed9f.jpg,640,640,balloon,155,311,382,451
34020010494_e5cb88e1c4_k_jpg.rf.4206aa9dd3eb22b9567a7cd6f5f072d1.jpg,640,640,balloon,189,258,329,485
518678836_94d58e3839_b_jpg.rf.0bce12fd3bcb80ee9451f711a31aceab.jpg,640,640,balloon,351,212,410,256
4838031651_3e7b5ea5c7_b-Kopi-2-Kopi-Kopi_jpg.rf.639a96b1a9c3e1acfadc56b1b411bc74.jpg,640,640,balloon,387,89,467,249
3342804367_f43682bb80_b-Kopi-2-Kopi-Kopi_jpg.rf.47eb744726569e4c17462685ec51c049.jpg,640,640,balloon,587,382,639,444
1297451346_5b92bdac08_b-Kopi-2-Kopi-Kopi_jpg.rf.736fa36b45803e6dcdd6f92151550272.jpg,640,640,balloon,82,246,247,417
332344155_71be3a3b22_b-Kopi-2-Kopi-Kopi_jpg.rf.24dbb6b49d7c220d144a2b9736de2993.jpg,640,640,balloon,375,372,593,530
4864857993_edb62f16ef_b_jpg.rf.9948385dc0358eabc5b361bb9ca65737.jpg,640,640,balloon,13,139,553,418
485227412_e335662bb5_b-Kopi-2-Kopi-Kopi_jpg.rf.c91bccba5dca1c36de221ff5779c1fc7.jpg,640,640,balloon,50,308,169,420
3945575930_ce99a7e98d_b_jpg.rf.8023253a221fe1b1e671d16c8b1215c2.jpg,640,640,balloon,190,167,513,490
2917282960_06beee649a_b_jpg.rf.71844ae7ae2f885659b06257394bbf63.jpg,640,640,balloon,288,270,408,344
4552737035_3a0a4105fb_b_jpg.rf.62058a59f632765aa50a697ced28c170.jpg,640,640,balloon,411,329,453,417
34020010494_e5cb88e1c4_k_jpg.rf.3e1ae028dfdf4d53b292b2ea67f24d45.jpg,640,640,balloon,311,155,451,382
605521662_a470fef77f_b_jpg.rf.fbad07f0c2ae365cce269483aa7d7b35.jpg,640,640,balloon,312,282,412,406
154446334_5d41cd1375_b_jpg.rf.6753364ff5def27928c80693a94f37bb.jpg,640,640,balloon,372,118,407,188
154446334_5d41cd1375_b_jpg.rf.6753364ff5def27928c80693a94f37bb.jpg,640,640,balloon,238,70,277,125
154446334_5d41cd1375_b_jpg.rf.6753364ff5def27928c80693a94f37bb.jpg,640,640,balloon,297,112,353,194
3945575930_ce99a7e98d_b-Kopi-2-Kopi-Kopi_jpg.rf.f2711376289fff0ed1da1d6954d33f86.jpg,640,640,balloon,127,151,450,474
4057490235_2ffdf7d68b_b-Kopi-2-Kopi-Kopi_jpg.rf.699f5a3e3d75c541b075e0f16eb0e433.jpg,640,640,balloon,262,298,371,383
4552737035_3a0a4105fb_b-Kopi-2-Kopi-Kopi_jpg.rf.d97db0d5a7d9dc55d3ae31b929d87066.jpg,640,640,balloon,329,411,417,453
126700562_8e27720147_b-Kopi-2-Kopi-Kopi_jpg.rf.6e9e5cc13f7f345e529232ac7b794b01.jpg,640,640,balloon,39,112,357,608
154446334_5d41cd1375_b_jpg.rf.b8abe9010f9e171eb4ff6452ef389c6a.jpg,640,640,balloon,233,453,268,523
154446334_5d41cd1375_b_jpg.rf.b8abe9010f9e171eb4ff6452ef389c6a.jpg,640,640,balloon,363,515,402,570
154446334_5d41cd1375_b_jpg.rf.b8abe9010f9e171eb4ff6452ef389c6a.jpg,640,640,balloon,287,446,343,528
2917282960_06beee649a_b_jpg.rf.36395e5bd9a5e84dcc5adcdae30ee36c.jpg,640,640,balloon,233,297,353,371
4552737035_3a0a4105fb_b-Kopi-2-Kopi-Kopi_jpg.rf.d0e820d1b7eee255acdc8f8884d1a6aa.jpg,640,640,balloon,223,411,311,453
5674044810_2d9e2243ff_b_jpg.rf.614f8a1ff42053da27311e8a69464715.jpg,640,640,balloon,17,289,77,365
5674044810_2d9e2243ff_b_jpg.rf.614f8a1ff42053da27311e8a69464715.jpg,640,640,balloon,17,384,77,459
485227412_e335662bb5_b-Kopi-2-Kopi-Kopi_jpg.rf.aec511ca4c158f1c8777e972d9e84026.jpg,640,640,balloon,471,220,590,332
4057490235_2ffdf7d68b_b_jpg.rf.b78c80e19fb7c38b7998ca56450f0c99.jpg,640,640,balloon,298,262,383,371
34020010494_e5cb88e1c4_k-Kopi-2-Kopi-Kopi_jpg.rf.0392ad162a7a6375140336138eb29c69.jpg,640,640,balloon,189,258,329,485
699765866_abaad7274d_b-Kopi-2-Kopi-Kopi_jpg.rf.e690cb6d3577042c97c7a6effb15d433.jpg,640,640,balloon,284,308,343,338
9210739293_2b0e0d991e_k-Kopi-2-Kopi-Kopi_jpg.rf.71d31fc545a0989954308d4a7ad0e4f9.jpg,640,640,balloon,393,76,474,179
699765866_abaad7274d_b_jpg.rf.8ab927c6cff1d43a38813ee4cfbab055.jpg,640,640,balloon,284,302,343,332
699765866_abaad7274d_b_jpg.rf.734108a158c52510747ce68d94fb5488.jpg,640,640,balloon,302,297,332,356
jacob-chen-c0A7WKoSNE8-unsplash_jpg.rf.c03761e65670b8e48f5147d431c601a2.jpg,640,640,balloon,453,14,517,92
jacob-chen-c0A7WKoSNE8-unsplash_jpg.rf.c03761e65670b8e48f5147d431c601a2.jpg,640,640,balloon,492,111,545,174
jacob-chen-c0A7WKoSNE8-unsplash_jpg.rf.c03761e65670b8e48f5147d431c601a2.jpg,640,640,balloon,209,278,305,389
jacob-chen-c0A7WKoSNE8-unsplash_jpg.rf.c03761e65670b8e48f5147d431c601a2.jpg,640,640,balloon,316,522,382,600
5555705118_3390d70abe_b_jpg.rf.98dda0385e2598acef556d5f9282ad85.jpg,640,640,balloon,19,231,239,505
321888854_3723b6f10b_b-Kopi-2-Kopi-Kopi_jpg.rf.b55a137bed2b0fc1d879e1640e429844.jpg,640,640,balloon,288,224,475,468
kiran-ck-7FFfxSDeCno-unsplash-Kopi-2-Kopi-Kopi_jpg.rf.63e9f2198d0959136cf3e457f8e8f9c1.jpg,640,640,balloon,260,207,432,412
332344155_71be3a3b22_b-Kopi-2-Kopi-Kopi_jpg.rf.91f31e3b175fb5f2cec98b8542e0ea50.jpg,640,640,balloon,110,47,268,265
4838031651_3e7b5ea5c7_b_jpg.rf.f4c9907ffcbd58382454ea120df6adb1.jpg,640,640,balloon,89,174,249,254
2917282960_06beee649a_b_jpg.rf.1f6f84633e461564b8a0f8f40064f6f1.jpg,640,640,balloon,233,270,353,344
4864857993_edb62f16ef_b_jpg.rf.9c2aaaa6e5a91c1d6e7a2da9fbec2990.jpg,640,640,balloon,223,88,502,628
5178670692_63a4365c9c_b-Kopi-2-Kopi-Kopi_jpg.rf.643f4865c72e14366bc5bcd5e9b4019a.jpg,640,640,balloon,278,260,378,390
2917282960_06beee649a_b_jpg.rf.a5634b5e964f3c3e0194284d28d8b880.jpg,640,640,balloon,270,233,344,353
avinash-kumar-_PSSeW6t2SQ-unsplash_jpg.rf.dea61d2a2a1d815547cce4233a4a8387.jpg,640,640,balloon,178,190,436,458
4838031651_3e7b5ea5c7_b-Kopi-2-Kopi-Kopi_jpg.rf.dc24db499c5a31456483fd1acc76b333.jpg,640,640,balloon,89,387,249,467
17156759330_5af4f5a5b8_k-Kopi-2-Kopi-Kopi_jpg.rf.5e9c38d7174a9cfad5476743a4a3ec17.jpg,640,640,balloon,24,189,292,597
485227412_e335662bb5_b-Kopi-2-Kopi-Kopi_jpg.rf.7b68f03c368e371641207df90075b3ac.jpg,640,640,balloon,50,308,169,420
1297451346_5b92bdac08_b-Kopi-2-Kopi-Kopi_jpg.rf.de7dc99ccca3ba57467118c23c12e0f1.jpg,640,640,balloon,224,82,395,247
avinash-kumar-_PSSeW6t2SQ-unsplash-Kopi-2-Kopi-Kopi_jpg.rf.6088dea0878d4afad155d76c49309bc6.jpg,640,640,balloon,204,182,462,450
17156759330_5af4f5a5b8_k_jpg.rf.e48248231fc880e67e7dde01c16eb8e0.jpg,640,640,balloon,24,189,293,597
avinash-kumar-b4gv9g8_zrA-unsplash-Kopi-2-Kopi-Kopi_jpg.rf.bd47f59962e7d04a1bc25bf3936d8b54.jpg,640,640,balloon,152,165,448,452
4552737035_3a0a4105fb_b-Kopi-2-Kopi-Kopi_jpg.rf.6bc41229b5955843934490670de6b1aa.jpg,640,640,balloon,188,223,230,311
332344155_71be3a3b22_b-Kopi-2-Kopi-Kopi_jpg.rf.772c2dacfcb54cb2aadb80bb797af56f.jpg,640,640,balloon,372,375,530,593
53500107_d24b11b3c2_b_jpg.rf.b1a6d419eab9deb6a993bac91985c342.jpg,640,640,balloon,315,189,396,251
321888854_3723b6f10b_b-Kopi-2-Kopi-Kopi_jpg.rf.8a6ec1d25fd058928a7f28a7365cfaf4.jpg,640,640,balloon,288,224,475,468
518678836_94d58e3839_b_jpg.rf.faa0fe81cff8b84bfb9a2d662c7291a6.jpg,640,640,balloon,351,384,410,428
callum-hill-P2RAxRm-Cvs-unsplash_jpg.rf.eba22019495d2c4cc2691269f6036534.jpg,640,640,balloon,211,292,415,468
9210739293_2b0e0d991e_k_jpg.rf.be6b0727bf973ff0f81136bb03c64d05.jpg,640,640,balloon,393,76,474,179
4864857993_edb62f16ef_b-Kopi-2-Kopi-Kopi_jpg.rf.c42bfb5af45f61fabed11c119a9f041d.jpg,640,640,balloon,13,223,553,502
cody-giles-SpnW92UpEXY-unsplash-Kopi-2-Kopi-Kopi_jpg.rf.bd82c996c8c1c9ead5ed474bf8727862.jpg,640,640,balloon,261,224,347,362
jacob-chen-c0A7WKoSNE8-unsplash_jpg.rf.ac6eea4b8f61b19e5d901e11d8a28d91.jpg,640,640,balloon,548,453,626,517
jacob-chen-c0A7WKoSNE8-unsplash_jpg.rf.ac6eea4b8f61b19e5d901e11d8a28d91.jpg,640,640,balloon,467,492,530,545
jacob-chen-c0A7WKoSNE8-unsplash_jpg.rf.ac6eea4b8f61b19e5d901e11d8a28d91.jpg,640,640,balloon,251,209,362,305
jacob-chen-c0A7WKoSNE8-unsplash_jpg.rf.ac6eea4b8f61b19e5d901e11d8a28d91.jpg,640,640,balloon,41,316,119,382
avinash-kumar-_PSSeW6t2SQ-unsplash-Kopi-2-Kopi-Kopi_jpg.rf.4967583291f2cc9ad32329020e43e901.jpg,640,640,balloon,182,204,450,462
1297451346_5b92bdac08_b_jpg.rf.e1ff49d0d802089a1f41f414cb06dba7.jpg,640,640,balloon,394,246,559,417
24631331976_defa3bb61f_k-Kopi-2-Kopi-Kopi_jpg.rf.f5b080d6ff05d474c7078f443e575628.jpg,640,640,balloon,280,103,443,245
4864857993_edb62f16ef_b-Kopi-2-Kopi-Kopi_jpg.rf.9aea76614353ffc702face78579faded.jpg,640,640,balloon,88,223,628,502
605521662_a470fef77f_b_jpg.rf.06ff15c5b9351c0d022d67d5088cbfcd.jpg,640,640,balloon,312,282,412,406
5674044810_2d9e2243ff_b_jpg.rf.2245ffa002407c77c9b555518c48daa7.jpg,640,640,balloon,275,563,351,623
5674044810_2d9e2243ff_b_jpg.rf.2245ffa002407c77c9b555518c48daa7.jpg,640,640,balloon,182,563,257,623
2917282960_06beee649a_b_jpg.rf.e76c1c6676004c46532f034829e0f795.jpg,640,640,balloon,288,297,408,371
24362039530_b151b41a52_k-Kopi-2-Kopi-Kopi_jpg.rf.5cfc344652a870e83c975d58822e3a1f.jpg,640,640,balloon,355,258,488,398
5178670692_63a4365c9c_b-Kopi-2-Kopi-Kopi_jpg.rf.7075692bf61ebfcdd4271e7b471ab45e.jpg,640,640,balloon,278,251,378,381
4552737035_3a0a4105fb_b_jpg.rf.4a894ede59fb4c070846d0eb84d063f5.jpg,640,640,balloon,188,329,230,417
2311771643_f46392fcc0_b_jpg.rf.ea8ebb2e98a375a44a9e51c2432cf1a2.jpg,640,640,balloon,330,16,368,72
34020010494_e5cb88e1c4_k-Kopi-2-Kopi-Kopi_jpg.rf.a381fd765cd2c56da1f34b171977d24e.jpg,640,640,balloon,311,155,451,382
avinash-kumar-lNmZRt7CMfo-unsplash_jpg.rf.67314a148c44756919b58d7db39b008a.jpg,640,640,balloon,131,127,531,551
4057490235_2ffdf7d68b_b-Kopi-2-Kopi-Kopi_jpg.rf.170d9540164b035ed4a813574e84d10c.jpg,640,640,balloon,262,298,371,383
485227412_e335662bb5_b_jpg.rf.e16a8fe7db8c0fb854d661b073707b8e.jpg,640,640,balloon,50,220,169,332
2937599387_80e7d6e050_b-Kopi-2-Kopi-Kopi_jpg.rf.d5968981ca3b92eff424e4fadcec7453.jpg,640,640,balloon,291,346,316,392
5555705118_3390d70abe_b_jpg.rf.73c993624e0841b268c69eccb6e5acae.jpg,640,640,balloon,136,401,410,621
34020010494_e5cb88e1c4_k-Kopi-2-Kopi-Kopi_jpg.rf.b2f96559fb2388c20fa2ca42da02e045.jpg,640,640,balloon,311,155,451,382
kiran-ck-7FFfxSDeCno-unsplash-Kopi-2-Kopi-Kopi_jpg.rf.8525f11b24bba55aece28f4bfbc871dc.jpg,640,640,balloon,207,208,412,380
25899693952_7c8b8b9edc_k_jpg.rf.961a840a2b994795f9d0f7b96498efdd.jpg,640,640,balloon,44,54,253,450
485227412_e335662bb5_b-Kopi-2-Kopi-Kopi_jpg.rf.4407613d9776d4c9789bbdf8b5491b86.jpg,640,640,balloon,220,50,332,169
1297451346_5b92bdac08_b-Kopi-2-Kopi-Kopi_jpg.rf.1f4ccc971196da0b0298b03722bb21b2.jpg,640,640,balloon,246,82,417,247
3800636873_ace2c2795f_b_jpg.rf.bae1a206224739347d476818bdd04320.jpg,640,640,balloon,52,313,152,463
126700562_8e27720147_b-Kopi-2-Kopi-Kopi_jpg.rf.48bf0108bbaa66fc50d4aec84ee81545.jpg,640,640,balloon,39,33,357,529
5178670692_63a4365c9c_b-Kopi-2-Kopi-Kopi_jpg.rf.51384e2bf824da75914f106929987d1a.jpg,640,640,balloon,260,278,390,378
3342804367_f43682bb80_b_jpg.rf.fea932b4cece1136c3d749389ac5e601.jpg,640,640,balloon,587,196,639,258
5178670692_63a4365c9c_b_jpg.rf.385be3eb2332040b9774504137a64005.jpg,640,640,balloon,262,260,362,390
7308740338_591f27b631_k_jpg.rf.58b9b06a44182f0c884304ad3328d5e1.jpg,640,640,balloon,184,197,300,324
25899693952_7c8b8b9edc_k-Kopi-2-Kopi-Kopi_jpg.rf.b73c8d3038bffad4eb3210df0d637da4.jpg,640,640,balloon,388,54,597,450
605521662_a470fef77f_b-Kopi-2-Kopi-Kopi_jpg.rf.70cb79d3e750f46ec9a6bde14cb9fa32.jpg,640,640,balloon,229,234,329,358
elnaz-asadi-RczTV4UAkw0-unsplash-Kopi-2-Kopi-Kopi_jpg.rf.cee8bd5e10cc8c19ef2c1e1326db8078.jpg,640,640,balloon,310,185,546,435
154446334_5d41cd1375_b_jpg.rf.4193fd9b26aab48b336e313e066c1681.jpg,640,640,balloon,118,372,188,407
154446334_5d41cd1375_b_jpg.rf.4193fd9b26aab48b336e313e066c1681.jpg,640,640,balloon,70,238,125,277
154446334_5d41cd1375_b_jpg.rf.4193fd9b26aab48b336e313e066c1681.jpg,640,640,balloon,112,297,194,353
4864857993_edb62f16ef_b-Kopi-2-Kopi-Kopi_jpg.rf.19391f018c55812ec99028c4ef716c50.jpg,640,640,balloon,139,13,418,553
4864857993_edb62f16ef_b_jpg.rf.50e31c5aa0993264065b10a98324bd29.jpg,640,640,balloon,139,13,418,553
avinash-kumar-b4gv9g8_zrA-unsplash-Kopi-2-Kopi-Kopi_jpg.rf.c41762b086d4554e4503f956b4ae77a9.jpg,640,640,balloon,152,189,448,476
callum-hill-P2RAxRm-Cvs-unsplash-Kopi-2-Kopi-Kopi_jpg.rf.0b8b7dc6357463ddf2d819bce228ef41.jpg,640,640,balloon,292,211,468,415
kiran-ck-7FFfxSDeCno-unsplash_jpg.rf.9f76ca91ab9b4ee44e1692aa02c264cb.jpg,640,640,balloon,207,208,412,380
avinash-kumar-_PSSeW6t2SQ-unsplash_jpg.rf.9b9ae8eb014dbb1bb614e9196d6973f0.jpg,640,640,balloon,204,182,462,450
elnaz-asadi-RczTV4UAkw0-unsplash_jpg.rf.28e6f83573fe1570694247086203a704.jpg,640,640,balloon,206,94,456,330
321888854_3723b6f10b_b-Kopi-2-Kopi-Kopi_jpg.rf.669717a560f1a4edd963483e2bc4a0f8.jpg,640,640,balloon,224,288,468,475
332344155_71be3a3b22_b_jpg.rf.3edd520786338c6e35e8a1ae52ac380d.jpg,640,640,balloon,110,375,268,593
callum-hill-P2RAxRm-Cvs-unsplash_jpg.rf.0e0d9470160d294f5c7775228faf366e.jpg,640,640,balloon,292,226,468,430
avinash-kumar-lNmZRt7CMfo-unsplash_jpg.rf.dd9519c596212be5610127885b14d055.jpg,640,640,balloon,90,131,514,531
7308740338_591f27b631_k-Kopi-2-Kopi-Kopi_jpg.rf.56937c4f97a8061b61c0a7d848ee0732.jpg,640,640,balloon,317,341,444,457
amy-shamblen-pJ_DCj9KswI-unsplash_jpg.rf.b5561967fd9b1dbbd30503f46e4d31df.jpg,640,640,balloon,30,92,200,314
amy-shamblen-pJ_DCj9KswI-unsplash_jpg.rf.b5561967fd9b1dbbd30503f46e4d31df.jpg,640,640,balloon,221,205,388,425
amy-shamblen-pJ_DCj9KswI-unsplash_jpg.rf.b5561967fd9b1dbbd30503f46e4d31df.jpg,640,640,balloon,417,302,587,522
24631331976_defa3bb61f_k-Kopi-2-Kopi-Kopi_jpg.rf.d60a2240614c88480b722985eace7b25.jpg,640,640,balloon,197,103,360,245
elnaz-asadi-RczTV4UAkw0-unsplash_jpg.rf.12d05e4b9396d4a2e6931d92cab23b0a.jpg,640,640,balloon,206,94,456,330
126700562_8e27720147_b_jpg.rf.6d94fc4c97a4359ad3f3cadfd9a80339.jpg,640,640,balloon,112,39,608,357
2917282960_06beee649a_b-Kopi-2-Kopi-Kopi_jpg.rf.312f6cada0ea6281d6c37587e7dbfccc.jpg,640,640,balloon,297,288,371,408
17156759330_5af4f5a5b8_k-Kopi-2-Kopi-Kopi_jpg.rf.ee0a0b541a1cede98bd69af436f6855f.jpg,640,640,balloon,348,189,616,597
4552737035_3a0a4105fb_b-Kopi-2-Kopi-Kopi_jpg.rf.a014f3d945450c1dc2de917e63f790aa.jpg,640,640,balloon,329,188,417,230
321888854_3723b6f10b_b_jpg.rf.8108d183cf7bb6bad838b8df094d6a4f.jpg,640,640,balloon,173,288,417,475
callum-hill-P2RAxRm-Cvs-unsplash-Kopi-2-Kopi-Kopi_jpg.rf.56e24e99e546667b85a6d5e175755c5b.jpg,640,640,balloon,211,292,415,468
699765866_abaad7274d_b-Kopi-2-Kopi-Kopi_jpg.rf.373b11b7c972246122d67f5fba51649a.jpg,640,640,balloon,308,297,338,356
huseyin-akuzum-G2aD-2ePQXc-unsplash-Kopi-2-Kopi-Kopi_jpg.rf.a1d9386546b775c545571854133f7d53.jpg,640,640,balloon,251,420,390,538
17156759330_5af4f5a5b8_k_jpg.rf.e7e7659adc7c2025d5a8ae1c19d3a821.jpg,640,640,balloon,189,348,597,616
4057490235_2ffdf7d68b_b_jpg.rf.0d43be52b110cd88e532adb243c0295d.jpg,640,640,balloon,298,269,383,378
2937599387_80e7d6e050_b-Kopi-2-Kopi-Kopi_jpg.rf.c346ad3427d9a6d6a059a23340bfaf44.jpg,640,640,balloon,291,248,316,294
605521662_a470fef77f_b_jpg.rf.76359b57b23d8b6fc5e55c01e91ef9db.jpg,640,640,balloon,229,282,329,406
25899693952_7c8b8b9edc_k_jpg.rf.711e48c54eb94c8df91dc2134b8746bf.jpg,640,640,balloon,388,190,597,586
332344155_71be3a3b22_b_jpg.rf.ca37ea0ae210a4c6d4e91a769013425f.jpg,640,640,balloon,375,372,593,530
brands-people-F0a4OeyoQX0-unsplash_jpg.rf.1dd1301b418c794822613fbeb10a84bc.jpg,640,640,balloon,242,107,392,383
4864857993_edb62f16ef_b-Kopi-2-Kopi-Kopi_jpg.rf.05e67811b74733820358d4e428f73d68.jpg,640,640,balloon,13,139,553,418
jacob-chen-c0A7WKoSNE8-unsplash-Kopi-2-Kopi-Kopi_jpg.rf.e1f8fc71a34e28913d19a60ceecd9e22.jpg,640,640,balloon,123,14,187,92
jacob-chen-c0A7WKoSNE8-unsplash-Kopi-2-Kopi-Kopi_jpg.rf.e1f8fc71a34e28913d19a60ceecd9e22.jpg,640,640,balloon,96,111,149,174
jacob-chen-c0A7WKoSNE8-unsplash-Kopi-2-Kopi-Kopi_jpg.rf.e1f8fc71a34e28913d19a60ceecd9e22.jpg,640,640,balloon,335,278,431,389
jacob-chen-c0A7WKoSNE8-unsplash-Kopi-2-Kopi-Kopi_jpg.rf.e1f8fc71a34e28913d19a60ceecd9e22.jpg,640,640,balloon,258,522,324,600
florian-klauer-nptLmg6jqDo-unsplash-Kopi-2-Kopi-Kopi_jpg.rf.0a12d38d2f68151c50f6a82c01a9a762.jpg,640,640,balloon,132,62,372,244
24631331976_defa3bb61f_k-Kopi-2-Kopi-Kopi_jpg.rf.691bb79a159007146b63e0e70ba18fb3.jpg,640,640,balloon,103,280,245,443
3945575930_ce99a7e98d_b-Kopi-2-Kopi-Kopi_jpg.rf.312fd5e7897cdc3959820c64ff338fe1.jpg,640,640,balloon,167,127,490,450
321888854_3723b6f10b_b_jpg.rf.3fc2d63b2e4a2a1506ce16cc777d7fbf.jpg,640,640,balloon,166,173,353,417
devon-divine-YBWKOFP1E98-unsplash-Kopi-2-Kopi-Kopi_jpg.rf.aa5e6231b5a25fc72089109a6c1eba43.jpg,640,640,balloon,282,265,368,383
1297451346_5b92bdac08_b_jpg.rf.4725582bd2bc17f17bf5ca74e1991dab.jpg,640,640,balloon,224,82,395,247
elnaz-asadi-RczTV4UAkw0-unsplash-Kopi-2-Kopi-Kopi_jpg.rf.9e933467a2a2a8d19fa4c6dfed017bc3.jpg,640,640,balloon,185,310,435,546
5178670692_63a4365c9c_b-Kopi-2-Kopi-Kopi_jpg.rf.803985557a99c8fb6aa68b04666414e9.jpg,640,640,balloon,278,260,378,390
blake-cheek-WP51CpHSxYU-unsplash-Kopi-2-Kopi-Kopi_jpg.rf.32e19d3e9eb1ca4cb98ddb48a668dc90.jpg,640,640,balloon,182,215,328,405
3800636873_ace2c2795f_b_jpg.rf.b4b9f8d498bc864c39365e5333bc441c.jpg,640,640,balloon,52,177,152,327
5674044810_2d9e2243ff_b_jpg.rf.a38269baefb3014975d79fe6164a5620.jpg,640,640,balloon,289,563,365,623
5674044810_2d9e2243ff_b_jpg.rf.a38269baefb3014975d79fe6164a5620.jpg,640,640,balloon,384,563,459,623
devon-divine-YBWKOFP1E98-unsplash_jpg.rf.d3051b13b62cc46a1ee5aa15a7b882b3.jpg,640,640,balloon,273,258,359,376
485227412_e335662bb5_b_jpg.rf.6bdaca1e9e8be40fb3a665d98634687a.jpg,640,640,balloon,308,471,420,590
3945575930_ce99a7e98d_b-Kopi-2-Kopi-Kopi_jpg.rf.75bef5361b92f23840809f75ef2d2d23.jpg,640,640,balloon,190,167,513,490
devon-divine-YBWKOFP1E98-unsplash-Kopi-2-Kopi-Kopi_jpg.rf.741a91a9feaf6bcbb191494f591e7f26.jpg,640,640,balloon,282,258,368,376
17156759330_5af4f5a5b8_k_jpg.rf.a9c8fc6c562c0cf06bf1a3ba87fcdeb6.jpg,640,640,balloon,24,44,292,452
25899693952_7c8b8b9edc_k-Kopi-2-Kopi-Kopi_jpg.rf.c00b6ba22ab2a4af109e7c31ac38478a.jpg,640,640,balloon,54,388,450,597
3800636873_ace2c2795f_b_jpg.rf.535277ef6dd95f22dfbccedac673ec18.jpg,640,640,balloon,177,52,327,152
17156759330_5af4f5a5b8_k-Kopi-2-Kopi-Kopi_jpg.rf.c61d1b0b86e816135aaaec0e7cbd77d0.jpg,640,640,balloon,24,44,292,452
3342804367_f43682bb80_b_jpg.rf.1201239173296c48573803bac2b47964.jpg,640,640,balloon,382,587,444,639
kiran-ck-7FFfxSDeCno-unsplash_jpg.rf.40bee70f2eb929fcda366e5a9df7491a.jpg,640,640,balloon,208,207,380,412
24362039530_b151b41a52_k-Kopi-2-Kopi-Kopi_jpg.rf.27b109baf996f6f2e4130f187a9803bf.jpg,640,640,balloon,258,355,398,488
25899693952_7c8b8b9edc_k_jpg.rf.a56b0d7611effe47de144dc55c527884.jpg,640,640,balloon,44,54,253,450
cody-giles-SpnW92UpEXY-unsplash-Kopi-2-Kopi-Kopi_jpg.rf.012f3bf59420786ed0708380cea4d7b9.jpg,640,640,balloon,293,279,379,417
25899693952_7c8b8b9edc_k_jpg.rf.93463bbbec843e29d868d089e1822f7e.jpg,640,640,balloon,54,44,450,253
605521662_a470fef77f_b-Kopi-2-Kopi-Kopi_jpg.rf.ee76299b9c9862ce45e4ac55d9f80786.jpg,640,640,balloon,234,312,358,412
devon-divine-YBWKOFP1E98-unsplash_jpg.rf.8a8daf8caf8793bfce0d71f3b8b40ea5.jpg,640,640,balloon,258,282,376,368
154446334_5d41cd1375_b_jpg.rf.db92cb6e07b8e45c08aea365bbca0850.jpg,640,640,balloon,453,233,523,268
154446334_5d41cd1375_b_jpg.rf.db92cb6e07b8e45c08aea365bbca0850.jpg,640,640,balloon,515,363,570,402
154446334_5d41cd1375_b_jpg.rf.db92cb6e07b8e45c08aea365bbca0850.jpg,640,640,balloon,446,287,528,343
7308740338_591f27b631_k_jpg.rf.350e8f99ed7c83e78c6a1f9b6d5e713a.jpg,640,640,balloon,341,317,457,444
485227412_e335662bb5_b_jpg.rf.67e460448c6475f0d98c349e20fffab3.jpg,640,640,balloon,308,50,420,169
4864857993_edb62f16ef_b-Kopi-2-Kopi-Kopi_jpg.rf.ebec9a819558600260043cd17f29de1e.jpg,640,640,balloon,88,139,628,418
elnaz-asadi-RczTV4UAkw0-unsplash_jpg.rf.998aaa4678ae752881165695b5ed33bb.jpg,640,640,balloon,206,310,456,546
699765866_abaad7274d_b-Kopi-2-Kopi-Kopi_jpg.rf.8486499f50caeb04f5ea0946f46ad5e5.jpg,640,640,balloon,302,297,332,356
4057490235_2ffdf7d68b_b_jpg.rf.9b46fe3b249f9a729ca54a438d2d67f5.jpg,640,640,balloon,262,298,371,383
321888854_3723b6f10b_b_jpg.rf.c671f7c1415abc01063c12cac30259e7.jpg,640,640,balloon,288,173,475,417
amy-shamblen-pJ_DCj9KswI-unsplash_jpg.rf.8f610b369de767c4b2282bbde6a8af61.jpg,640,640,balloon,327,30,549,200
amy-shamblen-pJ_DCj9KswI-unsplash_jpg.rf.8f610b369de767c4b2282bbde6a8af61.jpg,640,640,balloon,216,221,436,388
amy-shamblen-pJ_DCj9KswI-unsplash_jpg.rf.8f610b369de767c4b2282bbde6a8af61.jpg,640,640,balloon,119,417,339,587
3342804367_f43682bb80_b-Kopi-2-Kopi-Kopi_jpg.rf.f0c6d09ce02091407ef9fcd04a0a7884.jpg,640,640,balloon,1,382,53,444
5178670692_63a4365c9c_b-Kopi-2-Kopi-Kopi_jpg.rf.6ac66533e2a16aa2d61ab68a01c84ded.jpg,640,640,balloon,278,260,378,390
332344155_71be3a3b22_b_jpg.rf.c23bb4a15de321a453f198bc19522748.jpg,640,640,balloon,47,372,265,530
605521662_a470fef77f_b-Kopi-2-Kopi-Kopi_jpg.rf.cfcf9229c7c151dae3f4937d9ad2be17.jpg,640,640,balloon,312,282,412,406
126700562_8e27720147_b_jpg.rf.42db8d09c44ff0a2147df149a51ab3c9.jpg,640,640,balloon,39,112,357,608
126700562_8e27720147_b-Kopi-2-Kopi-Kopi_jpg.rf.42359fee181acf3d03376e62df4189a8.jpg,640,640,balloon,39,33,357,529
7308740338_591f27b631_k_jpg.rf.1f9726b2720d488dac914708e457875d.jpg,640,640,balloon,184,197,300,324
24631331976_defa3bb61f_k-Kopi-2-Kopi-Kopi_jpg.rf.a0e258e13aa3fa48f8720710d95ec2d4.jpg,640,640,balloon,103,280,245,443
devon-divine-YBWKOFP1E98-unsplash-Kopi-2-Kopi-Kopi_jpg.rf.77f87de1faa93122850e67f650ee7db5.jpg,640,640,balloon,258,282,376,368
5178670692_63a4365c9c_b-Kopi-2-Kopi-Kopi_jpg.rf.81022993a77954759efeb40744f97bc5.jpg,640,640,balloon,278,260,378,390
4552737035_3a0a4105fb_b-Kopi-2-Kopi-Kopi_jpg.rf.2fd9993ccdf71a20a0a567556dd06dd2.jpg,640,640,balloon,329,411,417,453
25899693952_7c8b8b9edc_k_jpg.rf.56775534a82f7124e604edf21a23d0ad.jpg,640,640,balloon,388,190,597,586
4864857993_edb62f16ef_b-Kopi-2-Kopi-Kopi_jpg.rf.75c7fdd371b033d6563cd789182961bd.jpg,640,640,balloon,223,13,502,553
4552737035_3a0a4105fb_b_jpg.rf.d3c76d1e963e0bcb4ca6370cc47c632a.jpg,640,640,balloon,223,188,311,230
24362039530_b151b41a52_k-Kopi-2-Kopi-Kopi_jpg.rf.58025319c2065586a786c18302bf000c.jpg,640,640,balloon,258,153,398,286
321888854_3723b6f10b_b_jpg.rf.9ce54757d45ff888f408e261a5d0d1fc.jpg,640,640,balloon,288,173,475,417
2917282960_06beee649a_b-Kopi-2-Kopi-Kopi_jpg.rf.fdf92219bb1c66645f24815e89c9898f.jpg,640,640,balloon,233,270,353,344
1297451346_5b92bdac08_b-Kopi-2-Kopi-Kopi_jpg.rf.920d7ddaf0fcba0b0b58733318984c72.jpg,640,640,balloon,246,394,417,559
3945575930_ce99a7e98d_b_jpg.rf.e725cddd01c8f221a747c641cdcbace0.jpg,640,640,balloon,190,167,513,490
elnaz-asadi-RczTV4UAkw0-unsplash_jpg.rf.b23243efe914fa050869ea683c40f859.jpg,640,640,balloon,206,310,456,546
7308740338_591f27b631_k-Kopi-2-Kopi-Kopi_jpg.rf.aaf6447a1a753afbf5f1eb4c1644765b.jpg,640,640,balloon,184,317,300,444
34020010494_e5cb88e1c4_k-Kopi-2-Kopi-Kopi_jpg.rf.b3413f33067f301294bdda8353a2d83c.jpg,640,640,balloon,311,258,451,485
485227412_e335662bb5_b_jpg.rf.3ae9694507ab4f38aa0b2526c6958849.jpg,640,640,balloon,220,50,332,169
5555705118_3390d70abe_b-Kopi-2-Kopi-Kopi_jpg.rf.e61fe96e4e1b80f0175fca391a6a3f76.jpg,640,640,balloon,231,401,505,621
3342804367_f43682bb80_b-Kopi-2-Kopi-Kopi_jpg.rf.377003824e0bed6453276428f3b4ac74.jpg,640,640,balloon,196,1,258,53
cody-giles-SpnW92UpEXY-unsplash-Kopi-2-Kopi-Kopi_jpg.rf.80a8f21bec1b65a13cb8b8876a8d1b74.jpg,640,640,balloon,224,261,362,347
2311771643_f46392fcc0_b_jpg.rf.c1bd3eef4aa8713392492d8994aa46c8.jpg,640,640,balloon,568,272,624,310
5674044810_2d9e2243ff_b_jpg.rf.b4a3a1f2b3292bd7634616bc9065e5fc.jpg,640,640,balloon,275,563,351,623
5674044810_2d9e2243ff_b_jpg.rf.b4a3a1f2b3292bd7634616bc9065e5fc.jpg,640,640,balloon,182,563,257,623
9210739293_2b0e0d991e_k-Kopi-2-Kopi-Kopi_jpg.rf.617b737f7ac3a30e31f1ee2dd9aabc22.jpg,640,640,balloon,393,462,474,565
605521662_a470fef77f_b_jpg.rf.91df543cfa3c3fd3b3e986e3c1403ee8.jpg,640,640,balloon,234,229,358,329
avinash-kumar-lNmZRt7CMfo-unsplash_jpg.rf.222866e911a1ad9217caa1b9080abc94.jpg,640,640,balloon,127,131,551,531
3800636873_ace2c2795f_b_jpg.rf.bfb5e18632175720b54ae7d8f8ada1b3.jpg,640,640,balloon,177,52,327,152
17156759330_5af4f5a5b8_k_jpg.rf.943ec57e9ca5349bdc113713b9b0819a.jpg,640,640,balloon,44,24,452,292
25899693952_7c8b8b9edc_k-Kopi-2-Kopi-Kopi_jpg.rf.128dd32f4b5c368eb71093fa4379c6ad.jpg,640,640,balloon,54,388,450,597
brands-people-F0a4OeyoQX0-unsplash-Kopi-2-Kopi-Kopi_jpg.rf.0a9efb5d60588eaab7547b7e7ab6c367.jpg,640,640,balloon,258,249,534,399
699765866_abaad7274d_b-Kopi-2-Kopi-Kopi_jpg.rf.71cd75484eaa681ed731ae20e8dcfb22.jpg,640,640,balloon,302,297,332,356
24362039530_b151b41a52_k_jpg.rf.cd55430048e5b04a2084e762ac7a8311.jpg,640,640,balloon,243,355,383,488
605521662_a470fef77f_b-Kopi-2-Kopi-Kopi_jpg.rf.5b276aaf5bc3457c2d3b397866fa94ed.jpg,640,640,balloon,312,234,412,358
3646097131_e3e1215843_b_jpg.rf.81d73cc84f0225e3c97a1351dfcff325.jpg,640,640,balloon,220,315,630,545
126700562_8e27720147_b-Kopi-2-Kopi-Kopi_jpg.rf.2a9a969d04d3f3ffb19e2de35af2a5aa.jpg,640,640,balloon,112,39,608,357
17156759330_5af4f5a5b8_k-Kopi-2-Kopi-Kopi_jpg.rf.dad131c598ee6a4ef30ead0ec3f3493d.jpg,640,640,balloon,348,44,617,452
3800636873_ace2c2795f_b-Kopi-2-Kopi-Kopi_jpg.rf.2a8752e092fd25fbb6c04f3aa3107d5f.jpg,640,640,balloon,488,177,588,327
huseyin-akuzum-G2aD-2ePQXc-unsplash_jpg.rf.d6a615189244db6a54a078ae4bbd22d5.jpg,640,640,balloon,251,420,390,538
huseyin-akuzum-G2aD-2ePQXc-unsplash_jpg.rf.0c3939da4e1bfb29493aabc2d0c57505.jpg,640,640,balloon,102,251,220,390
4552737035_3a0a4105fb_b_jpg.rf.1d6ff0a1833c28db565360691c66de28.jpg,640,640,balloon,188,223,230,311
3800636873_ace2c2795f_b_jpg.rf.05efd4d08fa532dd985d2ba373f7804d.jpg,640,640,balloon,313,52,463,152
126700562_8e27720147_b-Kopi-2-Kopi-Kopi_jpg.rf.37cbc54452061183aee4d96f72216658.jpg,640,640,balloon,39,33,357,529
34020010494_e5cb88e1c4_k-Kopi-2-Kopi-Kopi_jpg.rf.69702efb252208214cecd273b7f4f16f.jpg,640,640,balloon,311,155,451,382
5178670692_63a4365c9c_b_jpg.rf.3e168a94f53e98ba5b329b664c55e12a.jpg,640,640,balloon,278,260,378,390
7308740338_591f27b631_k_jpg.rf.2ea2759a6b159cbee3c6f332a92f1e9c.jpg,640,640,balloon,197,184,324,300
154446334_5d41cd1375_b_jpg.rf.a7edfe1fb8f6e920cfd09c76a1d5a107.jpg,640,640,balloon,233,118,268,188
154446334_5d41cd1375_b_jpg.rf.a7edfe1fb8f6e920cfd09c76a1d5a107.jpg,640,640,balloon,363,70,402,125
154446334_5d41cd1375_b_jpg.rf.a7edfe1fb8f6e920cfd09c76a1d5a107.jpg,640,640,balloon,287,112,343,194
3646097131_e3e1215843_b_jpg.rf.c11c970be96e2554517f0bfdb987653b.jpg,640,640,balloon,95,220,325,630
17156759330_5af4f5a5b8_k-Kopi-2-Kopi-Kopi_jpg.rf.1a53cf183cb7a90b40ef61220d54e4f7.jpg,640,640,balloon,348,44,616,452
3342804367_f43682bb80_b-Kopi-2-Kopi-Kopi_jpg.rf.45806e6a26f7f51fe4da295ed4655640.jpg,640,640,balloon,587,196,639,258
605521662_a470fef77f_b-Kopi-2-Kopi-Kopi_jpg.rf.b8898d60118a61e7fac46cc3c463822d.jpg,640,640,balloon,229,282,329,406
24362039530_b151b41a52_k_jpg.rf.6053afa9fe3755f286efcd8eab8659b7.jpg,640,640,balloon,243,153,383,286
kiran-ck-7FFfxSDeCno-unsplash_jpg.rf.fd758db2f07933aa91aa2a5985a7a989.jpg,640,640,balloon,208,207,380,412
321888854_3723b6f10b_b_jpg.rf.8c25a59b33ae0719c9e8beca4b06e97b.jpg,640,640,balloon,288,173,475,417
9210739293_2b0e0d991e_k-Kopi-2-Kopi-Kopi_jpg.rf.0d873570460c01c2a4203115762e4a1c.jpg,640,640,balloon,462,167,565,248
126700562_8e27720147_b_jpg.rf.85ec55724cbcb43c3934caaeb727be8e.jpg,640,640,balloon,33,39,529,357
5674044810_2d9e2243ff_b_jpg.rf.6d3ed28bd5671c8e55ad4ea1f98b0463.jpg,640,640,balloon,289,17,365,77
5674044810_2d9e2243ff_b_jpg.rf.6d3ed28bd5671c8e55ad4ea1f98b0463.jpg,640,640,balloon,384,17,459,77
1297451346_5b92bdac08_b_jpg.rf.b66c6b2813aa54f8d8b273129abd7880.jpg,640,640,balloon,82,246,247,417
7308740338_591f27b631_k-Kopi-2-Kopi-Kopi_jpg.rf.8237bbfeb3fb1c3e6d6032ae1e96cd85.jpg,640,640,balloon,184,197,300,324
2917282960_06beee649a_b-Kopi-2-Kopi-Kopi_jpg.rf.2b51ccb217ea43a1deb8131073746e30.jpg,640,640,balloon,270,288,344,408
5555705118_3390d70abe_b-Kopi-2-Kopi-Kopi_jpg.rf.21d1b6c2eb1458746241b0facca22773.jpg,640,640,balloon,136,401,410,621
3800636873_ace2c2795f_b-Kopi-2-Kopi-Kopi_jpg.rf.582f2f7d57a97fe1122a37778f2840c6.jpg,640,640,balloon,488,177,588,327
605521662_a470fef77f_b_jpg.rf.f20578691381357ef0be0483524cb62e.jpg,640,640,balloon,282,312,406,412
485227412_e335662bb5_b_jpg.rf.a92e5cfbf378c9e013548b0f4d473bff.jpg,640,640,balloon,471,220,590,332
485227412_e335662bb5_b-Kopi-2-Kopi-Kopi_jpg.rf.b4bafa669a1e31d4bfd03001a88b489c.jpg,640,640,balloon,471,308,590,420
332344155_71be3a3b22_b_jpg.rf.e8d7b3d5aa4ff6d4fb9640e51f95f0ff.jpg,640,640,balloon,375,110,593,268
332344155_71be3a3b22_b_jpg.rf.36537c876c3b66c2941d6ed12af5d3f4.jpg,640,640,balloon,110,375,268,593
24631331976_defa3bb61f_k-Kopi-2-Kopi-Kopi_jpg.rf.ab8fc1a2b43e6ea5555e9cb454b9ae6d.jpg,640,640,balloon,396,280,538,443
elnaz-asadi-RczTV4UAkw0-unsplash_jpg.rf.46e0adb6d3dc999854bc32342f098548.jpg,640,640,balloon,310,206,546,456
154446334_5d41cd1375_b-Kopi-2-Kopi-Kopi_jpg.rf.1dbf1cba8a51f3a39e8c0d1138725aa3.jpg,640,640,balloon,372,118,407,188
154446334_5d41cd1375_b-Kopi-2-Kopi-Kopi_jpg.rf.1dbf1cba8a51f3a39e8c0d1138725aa3.jpg,640,640,balloon,238,70,277,125
154446334_5d41cd1375_b-Kopi-2-Kopi-Kopi_jpg.rf.1dbf1cba8a51f3a39e8c0d1138725aa3.jpg,640,640,balloon,297,112,353,194
4057490235_2ffdf7d68b_b-Kopi-2-Kopi-Kopi_jpg.rf.bfc033f47306112fc2a73a5e48dad291.jpg,640,640,balloon,269,298,378,383
kiran-ck-7FFfxSDeCno-unsplash_jpg.rf.44f58605b42444849195ca458eb03d15.jpg,640,640,balloon,229,208,434,380
avinash-kumar-_PSSeW6t2SQ-unsplash-Kopi-2-Kopi-Kopi_jpg.rf.995de7ca01902afc84d93b590c8c0f79.jpg,640,640,balloon,178,182,436,450
avinash-kumar-_PSSeW6t2SQ-unsplash_jpg.rf.b2ad7a360b8753b9bd95b34231c7e168.jpg,640,640,balloon,178,182,436,450
4838031651_3e7b5ea5c7_b-Kopi-2-Kopi-Kopi_jpg.rf.db4ef3cf087ea16a643c940fab4a90c1.jpg,640,640,balloon,174,89,253,249
53500107_d24b11b3c2_b-Kopi-2-Kopi-Kopi_jpg.rf.cb343f2ccd36f22f908aefb778adbc0e.jpg,640,640,balloon,390,315,452,396
brands-people-F0a4OeyoQX0-unsplash-Kopi-2-Kopi-Kopi_jpg.rf.14e0cb0a71944927b1cc862e429eed02.jpg,640,640,balloon,242,107,391,382
154446334_5d41cd1375_b-Kopi-2-Kopi-Kopi_jpg.rf.21381fc062c19cd2e55d73d6cc8b2112.jpg,640,640,balloon,372,118,407,188
154446334_5d41cd1375_b-Kopi-2-Kopi-Kopi_jpg.rf.21381fc062c19cd2e55d73d6cc8b2112.jpg,640,640,balloon,238,70,277,125
154446334_5d41cd1375_b-Kopi-2-Kopi-Kopi_jpg.rf.21381fc062c19cd2e55d73d6cc8b2112.jpg,640,640,balloon,297,112,353,194
2937599387_80e7d6e050_b_jpg.rf.aa09eb5854051fd5881ee24e538a3fcd.jpg,640,640,balloon,325,248,350,294
53500107_d24b11b3c2_b_jpg.rf.f00b1033eb1f835f2dea9eb5cfa09ad1.jpg,640,640,balloon,390,315,452,396
2311771643_f46392fcc0_b-Kopi-2-Kopi-Kopi_jpg.rf.352a55b8dd216dd8bcfc4a3aa932066f.jpg,640,640,balloon,272,568,310,624
5674044810_2d9e2243ff_b-Kopi-2-Kopi-Kopi_jpg.rf.4860454c8674b71de246d1557a29b379.jpg,640,640,balloon,275,17,351,77
5674044810_2d9e2243ff_b-Kopi-2-Kopi-Kopi_jpg.rf.4860454c8674b71de246d1557a29b379.jpg,640,640,balloon,182,17,257,77
2937599387_80e7d6e050_b-Kopi-2-Kopi-Kopi_jpg.rf.df8b1b5a025b5432fdafca2163a9a3ff.jpg,640,640,balloon,325,248,350,294
5555705118_3390d70abe_b_jpg.rf.1e45c467f5f976b2a9dcf1173b3b59b1.jpg,640,640,balloon,231,19,504,239
2917282960_06beee649a_b-Kopi-2-Kopi-Kopi_jpg.rf.f7c88b19cb9e2d3d40cfee6fcb2161fd.jpg,640,640,balloon,296,232,371,353
24631331976_defa3bb61f_k_jpg.rf.3566ebc85e55b7c6b182bf4adede237a.jpg,640,640,balloon,280,103,443,244
elnaz-asadi-RczTV4UAkw0-unsplash-Kopi-2-Kopi-Kopi_jpg.rf.f4270c8575ecea8440cf23f93806c053.jpg,640,640,balloon,185,94,435,330
2311771643_f46392fcc0_b_jpg.rf.b15fd7575fea2eb982b360fb57c4e427.jpg,640,640,balloon,272,568,310,624
53500107_d24b11b3c2_b-Kopi-2-Kopi-Kopi_jpg.rf.5d3b8c326dc3105eca1c27d70c311a87.jpg,640,640,balloon,390,315,452,396
3646097131_e3e1215843_b_jpg.rf.1d1b4b3238b5d583c13141864477e9ec.jpg,640,640,balloon,315,10,545,421
florian-klauer-nptLmg6jqDo-unsplash_jpg.rf.9871a6b280247508c2fb1c342cceaff1.jpg,640,640,balloon,268,62,508,243
amy-shamblen-pJ_DCj9KswI-unsplash-Kopi-2-Kopi-Kopi_jpg.rf.908aff609165eb72bb8a2aa04d561199.jpg,640,640,balloon,30,92,199,313
amy-shamblen-pJ_DCj9KswI-unsplash-Kopi-2-Kopi-Kopi_jpg.rf.908aff609165eb72bb8a2aa04d561199.jpg,640,640,balloon,221,205,388,424
amy-shamblen-pJ_DCj9KswI-unsplash-Kopi-2-Kopi-Kopi_jpg.rf.908aff609165eb72bb8a2aa04d561199.jpg,640,640,balloon,417,302,587,521
cody-giles-SpnW92UpEXY-unsplash_jpg.rf.080955e8d939338fb0dc807290471f1e.jpg,640,640,balloon,261,278,347,417
2937599387_80e7d6e050_b_jpg.rf.129645a5e0dda15a0f3baad8c2c29470.jpg,640,640,balloon,325,248,350,294
126700562_8e27720147_b_jpg.rf.7ccbd620187e92614fba0623d22f05c3.jpg,640,640,balloon,39,33,356,529
blake-cheek-WP51CpHSxYU-unsplash_jpg.rf.7558bd8cd9fb9b2bd4c664196cbf7a66.jpg,640,640,balloon,214,182,405,328
321888854_3723b6f10b_b-Kopi-2-Kopi-Kopi_jpg.rf.a474b1e0f3478d5c5dd57c8c49e3040d.jpg,640,640,balloon,288,224,475,468
avinash-kumar-lNmZRt7CMfo-unsplash-Kopi-2-Kopi-Kopi_jpg.rf.a2eaa7f2e18db06f30e01c20547c2ca2.jpg,640,640,balloon,109,127,509,550
avinash-kumar-lNmZRt7CMfo-unsplash-Kopi-2-Kopi-Kopi_jpg.rf.7f36066d3b409e00600dd4eef831a318.jpg,640,640,balloon,109,127,509,550
1297451346_5b92bdac08_b_jpg.rf.abfc86d8ef96654867d26a7c60e0321a.jpg,640,640,balloon,394,224,559,395
2311771643_f46392fcc0_b-Kopi-2-Kopi-Kopi_jpg.rf.46b0e56df1db66e50425fc03fcb66af3.jpg,640,640,balloon,272,568,310,624
7308740338_591f27b631_k-Kopi-2-Kopi-Kopi_jpg.rf.487cbfec47e1977159699f949eea9640.jpg,640,640,balloon,341,317,457,444
3945575930_ce99a7e98d_b_jpg.rf.7907d6dd0a5621375bb5f67b49ad1914.jpg,640,640,balloon,167,127,490,450
518678836_94d58e3839_b-Kopi-2-Kopi-Kopi_jpg.rf.3145e1d08173f6aa747f6ab86184d5f6.jpg,640,640,balloon,384,351,428,410
24631331976_defa3bb61f_k_jpg.rf.789214f6909c180de0598e83bc38cc10.jpg,640,640,balloon,280,103,443,244
5178670692_63a4365c9c_b_jpg.rf.5ad69e2533e6688f665871ea663139c9.jpg,640,640,balloon,260,262,390,362
jacob-chen-c0A7WKoSNE8-unsplash_jpg.rf.6440f93565c66fa86a6a354448c94ae0.jpg,640,640,balloon,14,123,92,187
jacob-chen-c0A7WKoSNE8-unsplash_jpg.rf.6440f93565c66fa86a6a354448c94ae0.jpg,640,640,balloon,111,96,174,149
jacob-chen-c0A7WKoSNE8-unsplash_jpg.rf.6440f93565c66fa86a6a354448c94ae0.jpg,640,640,balloon,278,335,389,431
jacob-chen-c0A7WKoSNE8-unsplash_jpg.rf.6440f93565c66fa86a6a354448c94ae0.jpg,640,640,balloon,522,258,600,324
9210739293_2b0e0d991e_k_jpg.rf.c9dcb399dda44eb342003b095a018146.jpg,640,640,balloon,462,167,565,248
3945575930_ce99a7e98d_b-Kopi-2-Kopi-Kopi_jpg.rf.8e5092de70349d1f9fa6f4ee1863a2b2.jpg,640,640,balloon,167,127,490,450
24362039530_b151b41a52_k-Kopi-2-Kopi-Kopi_jpg.rf.afa447da896f289a04f959e59d893043.jpg,640,640,balloon,243,153,383,286
brands-people-F0a4OeyoQX0-unsplash_jpg.rf.86e51d5f7e26540ef49a59dd11189639.jpg,640,640,balloon,242,107,391,382
5674044810_2d9e2243ff_b-Kopi-2-Kopi-Kopi_jpg.rf.4873cafa530aabb7b4a8b5e8288bf5ca.jpg,640,640,balloon,275,17,351,77
5674044810_2d9e2243ff_b-Kopi-2-Kopi-Kopi_jpg.rf.4873cafa530aabb7b4a8b5e8288bf5ca.jpg,640,640,balloon,182,17,257,77
3342804367_f43682bb80_b_jpg.rf.89db7e83677f2dac29c4aa08c2341e92.jpg,640,640,balloon,587,196,639,258
blake-cheek-WP51CpHSxYU-unsplash_jpg.rf.2520f2c57ddf7c15b35d6b2dc615228e.jpg,640,640,balloon,214,182,405,328
callum-hill-P2RAxRm-Cvs-unsplash_jpg.rf.c7b22ba83ce12cb028859433798001d0.jpg,640,640,balloon,226,172,430,349
